Kp,Ki,Kd,RiseTime,SettlingTime,Overshoot,Peak,PeakTime,SteadyState,SteadyStateError
0.5,0.1,0.0,27.231325712575803,50.60005203329688,0.0,0.9993161963444643,98.78597944668456,1.0,0.0
0.5,0.1,0.1,27.423193610943564,50.47148084815683,0.0,0.999308951862556,98.27533585867323,1.0,0.0
0.5,0.1,0.5,28.17218948410618,50.51565010943177,0.0,0.9992774171945855,96.17402616987971,1.0,0.0
0.5,0.1,1.0,27.734010488765957,49.35022454618648,0.0,0.9992309657509169,93.3983588518736,1.0,0.0
0.5,0.5,0.0,4.465619574291482,7.954384866706703,0.0,0.999,13.815510557964274,1.0,0.0
0.5,0.5,0.1,4.570077276058409,7.696972254414163,0.0,0.9982085895095617,11.906253956046909,1.0,0.0
0.5,0.5,0.5,5.023822021077917,7.256631808223658,0.2888944779399827,1.0028889447793998,10.884947712335487,1.0,0.0
0.5,0.5,1.0,5.582024467864352,7.256631808223658,1.535212195498259,1.0153521219549826,10.23371152441798,1.0,0.0
0.5,1.0,0.0,1.9537085637525236,5.395956985602208,3.4838412365753246,1.0348384123657532,4.000450868636119,1.0,0.0
0.5,1.0,0.1,2.2514165353719564,5.7308784536740704,4.0552984308148465,1.0405529843081485,4.195821725011373,1.0,0.0
0.5,1.0,0.5,2.791012233932176,6.977530584830441,5.848225342669,1.05848225342669,4.884271409381308,1.0,0.0
0.5,1.0,1.0,3.349214680718612,8.186969219534385,7.341973528730583,1.0734197352873058,5.582024467864353,1.0,0.0
0.5,2.0,0.0,1.1164048935728708,5.209889503340063,15.137983551613864,1.1513798355161386,2.325843528276814,1.0,0.0
0.5,2.0,0.1,1.3303824981743375,5.73087845367407,15.043308946635502,1.150433089466355,2.4560907658603153,1.0,0.0
0.5,2.0,0.5,1.6746073403593065,6.977530584830443,14.713648323294048,1.1471364832329405,3.0701134573253954,1.0,0.0
0.5,2.0,1.0,2.0467423048835958,8.37303670179653,14.369649167791,1.14369649167791,3.5352821629807565,1.0,0.0
1.0,0.1,0.0,31.26020566916896,62.733065798672406,0.0,0.9994999999999862,134.61027339172756,1.0,0.0
1.0,0.1,0.1,31.352544838903846,62.7050896778077,0.0,0.9994972728236434,134.24518575660326,1.0,0.0
1.0,0.1,0.5,31.574533715549972,62.502489948870256,0.0,0.9994858912851532,132.7639096844968,1.0,0.0
1.0,0.1,1.0,31.7242167982472,62.12659122990076,0.0,0.9994704915028123,130.8623942927697,1.0,0.0
1.0,0.5,0.0,5.4115238625229285,11.065354763666287,0.0,0.9995000000000027,23.584551759055152,1.0,0.0
1.0,0.5,0.1,5.4527330984424855,10.905466196884971,0.0,0.9994776949097711,23.083236783406523,1.0,0.0
1.0,0.5,0.5,5.861125691257571,10.675621794790574,0.0,0.9993333333333347,20.72326583694641,1.0,0.0
1.0,0.5,1.0,6.000676302954179,10.047644042155834,0.0,0.9960461223605073,13.815510557964274,1.0,0.0
1.0,1.0,0.0,2.232809787145741,3.9771924333533515,0.0,0.9989999999999983,6.907755278982137,1.0,0.0
1.0,1.0,0.1,2.379337929427181,3.9143946580898783,0.028845503519647764,1.0002884550351965,7.598530806880352,1.0,0.0
1.0,1.0,0.5,2.8258998868563285,3.9771924333533515,0.8964483401511458,1.0089644834015115,5.965788650030027,1.0,0.0
1.0,1.0,1.0,3.209664069022004,6.977530584830443,2.160689633035595,1.021606896330356,6.2797775263474,1.0,0.0
1.0,2.0,0.0,1.116404893572871,3.7678665158084397,6.7002412995153415,1.0670024129951534,2.3723603988423507,1.0,0.0
1.0,2.0,0.1,1.2280453829301574,3.9911474945230117,6.921247293401467,1.0692124729340147,2.5328436022934495,1.0,0.0
1.0,2.0,0.5,1.6746073403593058,4.709833144760547,7.608891477604329,1.0760889147760433,3.0352258044012417,1.0,0.0
1.0,2.0,1.0,1.9537085637525236,5.4424738561677435,8.151674645209805,1.081516746452098,3.628315904111829,1.0,0.0
2.0,0.1,0.0,35.29935439796688,83.12578839099059,0.0,0.9996704985848961,204.90390415706366,1.0,0.0
2.0,0.1,0.1,35.38485923648932,83.12877800340462,0.0,0.9996697428958548,204.66807712004186,1.0,0.0
2.0,0.1,0.5,35.54549033858215,83.03314146285395,0.0,0.9996666666666674,203.71921340294114,1.0,0.0
2.0,0.1,1.0,35.71670837117741,82.83637640703151,0.0,0.9996626962130266,202.52033321810092,1.0,0.0
2.0,0.5,0.0,6.312335541461293,15.51170826855217,0.0,0.9996889822365045,38.999468422826745,1.0,0.0
2.0,0.5,0.1,6.39287490447866,15.494595107465228,0.0,0.9996849027252415,38.73648776866307,1.0,0.0
2.0,0.5,0.5,6.616172755246156,15.361688466203718,0.0,0.9996666666666658,37.643741538469506,1.0,0.0
2.0,0.5,1.0,6.748823549888465,15.184852987249046,0.0,0.9996381966011252,36.16947621268349,1.0,0.0
2.0,1.0,0.0,2.583534015191678,6.906999101838976,0.0,0.9997236067977504,18.084738106341746,1.0,0.0
2.0,1.0,0.1,2.7155855759930065,6.847998409025843,0.0,0.9997150008742223,17.769375182041195,1.0,0.0
2.0,1.0,0.5,2.9716226314905083,6.72985125366968,0.0,0.9996666666645435,16.343924473197795,1.0,0.0
2.0,1.0,1.0,3.3492146807186116,6.5588787497406145,0.0,0.9995,13.815510557964274,1.0,0.0
2.0,2.0,0.0,1.1164048935728705,1.9885962166766757,0.0,0.9989999999999986,3.4538776394910684,1.0,0.0
2.0,2.0,0.1,1.2026519147522134,2.044508255078763,0.10741019227458182,1.0010741019227458,3.848486127207083,1.0,0.0
2.0,2.0,0.5,1.535056728662697,2.232809787145741,0.8859974788893554,1.0088599747888936,3.628315904111829,1.0,0.0
2.0,2.0,1.0,1.7676410814903782,2.6049447516700313,1.7419206182876623,1.0174192061828766,4.000450868636119,1.0,0.0
5.0,0.1,0.0,29.847009758783727,126.25037091873338,0.0,0.9998352007615877,413.31080826637077,1.0,0.0
5.0,0.1,0.1,29.83864683663619,126.21499645302899,0.0,0.9998351088851564,413.19500148571836,1.0,0.0
5.0,0.1,0.5,30.05283623032705,126.23842471475291,0.0,0.9998347398280263,412.73112174561794,1.0,0.0
5.0,0.1,1.0,30.175400100834917,126.22551244365646,0.0,0.9998342749828109,412.1497953663217,1.0,0.0
5.0,0.5,0.0,5.3238208722275155,24.400845664376114,0.0,0.9998429971702946,81.72532040700133,1.0,0.0
5.0,0.5,0.1,5.3512576164465075,24.38938567495812,0.0,0.9998425544865169,81.60667865080923,1.0,0.0
5.0,0.5,0.5,5.469737936602314,24.384444607691606,0.0,0.9998407443226203,81.12856462095948,1.0,0.0
5.0,0.5,1.0,5.639906345445853,24.360603878648476,0.0,0.9998383883476482,80.52269647825635,1.0,0.0
5.0,1.0,0.0,2.203828950111195,11.61157188768264,0.0,0.9998535533905931,40.261348239128175,1.0,0.0
5.0,1.0,0.1,2.2488216317086454,11.6101954009144,0.0,0.9998527225743719,40.138851217125236,1.0,0.0
5.0,1.0,0.5,2.3827883090039648,11.62511871968601,0.0,0.9998492408525035,39.64093277706596,1.0,0.0
5.0,1.0,1.0,2.5445073500464126,11.597081576173073,0.0,0.9998444911182522,38.999468422826745,1.0,0.0
5.0,2.0,0.0,0.8073917553031885,5.113481116920195,0.0,0.9998779644730091,19.499734211413372,1.0,0.0
5.0,2.0,0.1,0.8668304955225302,5.119717614179944,0.0,0.9998766439724551,19.368243884331534,1.0,0.0
5.0,2.0,0.5,1.0646714778557034,5.0952135011665804,0.0,0.999870790811898,18.821870769234756,1.0,0.0
5.0,2.0,1.0,1.2654044156040873,5.061617662416349,0.0,0.9998618033988752,18.084738106341746,1.0,0.0
